lp_weight,total_revenue_mean_rule,total_revenue_mean_llm,value_delta_musd,cvar_95_loss_mean_rule,cvar_95_loss_mean_llm,cvar95_loss_reduction_kusd_h,imbalance_mwh_proxy_mean_rule,imbalance_mwh_proxy_mean_llm,imbalance_reduction_gwh
0.25,383047388.8406649,384307526.5308864,1.2601376902214885,509467.69781005103,510082.4258748625,-0.6147280648114974,5259124.234142421,5240352.685623189,18.77154851923138
0.5,383991177.4150391,385362219.7755867,1.371042360547602,534187.7360238824,535833.7624677724,-1.6460264438899466,5795765.675535289,5781207.238894736,14.558436640552245
0.75,383125246.8035151,383737556.9554264,0.6123101519113183,565260.0478100217,568213.427568642,-2.9533797586202852,6368601.50064612,6375648.913463494,-7.047412817373872
1.0,380552981.3133901,379449620.046322,-1.1033612670680881,599323.3656541281,603987.3829954308,-4.664017341302708,6975564.023328972,7023356.069811134,-47.792046482161616
