lp_weight,total_revenue_mean_rule,cvar_95_loss_mean_rule,imbalance_mwh_proxy_mean_rule,total_revenue_mean_llm,cvar_95_loss_mean_llm,imbalance_mwh_proxy_mean_llm,value_delta_musd,cvar95_loss_reduction_kusd_h,imbalance_reduction_gwh
0.25,836468186.516192,458740.66323561873,12501155.683409747,860180291.1969208,455677.8789451745,12056209.937866384,23.712104680728793,3.062784290444222,444.9457455433626
0.5,834311628.4647226,474498.10261506634,13161539.121405395,877827365.0625788,468749.34040637,12349817.085590705,43.51573659785616,5.748762208696339,811.7220358146894
0.75,828914812.582014,492822.78875314613,13886727.716025835,887348028.619971,484923.68354952364,12805952.439480335,58.433216037957074,7.8991052036224865,1080.7752765455004
1.0,820563546.9767439,512769.43986539094,14671005.305097496,888156408.1426939,503500.66685434955,13436333.474063355,67.59286116594994,9.268773011041398,1234.6718310341407
