metric,mean,ci95_low,ci95_high,unit,seed_count,paired_t_p_value
Value gain,43.51573659785599,42.62586541605108,44.405607779660905,M USD,10,2.0463829378906914e-15
CVaR95 loss reduction,5.748762208696321,5.173883536171866,6.323640881220776,k USD/h,10,3.0563535850182086e-09
Imbalance reduction,811.7220358146917,790.1326930486101,833.3113785807733,GWh,10,2.1749316713687524e-14
