metric,mean,ci95_low,ci95_high,unit,positive_seed_count,seed_count,paired_t_p_value
Value gain,2.2369729720715883,1.1603214181840464,3.3136245259591304,M USD,10,10,0.0011199915084084918
CVaR95 loss reduction,29.426285342249493,27.056726005623194,31.795844678875792,k USD/h,10,10,4.460741240217053e-10
Imbalance reduction,587.3942617513846,579.3596135536449,595.4289099491244,GWh,10,10,5.4943437967665195e-17
